java.lang.ClassLoader	<com.thoughtworks.xstream.core.util.CompositeClassLoader: java.lang.Class loadClass(java.lang.String)>/java.lang.ClassLoader.loadClass/0	<com.thoughtworks.xstream.core.util.CompositeClassLoader: java.lang.Class loadClass(java.lang.String)>/classLoader#_131
java.lang.ClassLoader	<com.thoughtworks.xstream.core.util.CompositeClassLoader: java.lang.Class loadClass(java.lang.String)>/java.lang.ClassLoader.loadClass/1	<com.thoughtworks.xstream.core.util.CompositeClassLoader: java.lang.Class loadClass(java.lang.String)>/contextClassLoader#3_$$A_1#_131
com.thoughtworks.xstream.core.util.OrderRetainingMap	<java.util.AbstractMap: boolean equals(java.lang.Object)>/java.lang.Object.equals/0	<java.util.AbstractMap: boolean equals(java.lang.Object)>/l6#_490
com.thoughtworks.xstream.converters.reflection.AbstractReflectionConverter$MappingList	<java.util.AbstractList: boolean equals(java.lang.Object)>/java.lang.Object.equals/0	<java.util.AbstractList: boolean equals(java.lang.Object)>/l4#_521
com.thoughtworks.xstream.converters.reflection.AbstractReflectionConverter$MappingList	<java.util.AbstractList: int hashCode()>/java.lang.Object.hashCode/0	<java.util.AbstractList: int hashCode()>/l3#_542
com.thoughtworks.xstream.core.util.WeakCache	<java.util.AbstractMap: boolean equals(java.lang.Object)>/java.lang.Object.equals/0	<java.util.AbstractMap: boolean equals(java.lang.Object)>/l6#_490
com.thoughtworks.xstream.core.util.CompositeClassLoader	<com.thoughtworks.xstream.core.util.CompositeClassLoader: java.lang.Class loadClass(java.lang.String)>/java.lang.ClassLoader.loadClass/0	<com.thoughtworks.xstream.core.util.CompositeClassLoader: java.lang.Class loadClass(java.lang.String)>/classLoader#_131
com.thoughtworks.xstream.core.util.CompositeClassLoader	<com.thoughtworks.xstream.core.util.CompositeClassLoader: java.lang.Class loadClass(java.lang.String)>/java.lang.ClassLoader.loadClass/1	<com.thoughtworks.xstream.core.util.CompositeClassLoader: java.lang.Class loadClass(java.lang.String)>/contextClassLoader#3_$$A_1#_131
java.util.Hashtable	<java.util.Hashtable: java.lang.String toString()>/java.lang.Object.toString/0	<java.util.Hashtable: java.lang.String toString()>/l6#_584
java.util.Hashtable	<java.util.Hashtable: java.lang.String toString()>/java.lang.Object.toString/1	<java.util.Hashtable: java.lang.String toString()>/l7#_585
java.util.Hashtable	<java.util.Hashtable: boolean equals(java.lang.Object)>/java.lang.Object.equals/0	<java.util.Hashtable: boolean equals(java.lang.Object)>/l6#_808
java.util.Vector	<java.util.AbstractList: boolean equals(java.lang.Object)>/java.lang.Object.equals/0	<java.util.AbstractList: boolean equals(java.lang.Object)>/l4#_521
java.util.Vector	<java.util.AbstractList: int hashCode()>/java.lang.Object.hashCode/0	<java.util.AbstractList: int hashCode()>/l3#_542
java.util.SubList	<java.util.AbstractList: boolean equals(java.lang.Object)>/java.lang.Object.equals/0	<java.util.AbstractList: boolean equals(java.lang.Object)>/l4#_521
java.util.SubList	<java.util.AbstractList: int hashCode()>/java.lang.Object.hashCode/0	<java.util.AbstractList: int hashCode()>/l3#_542
java.util.LinkedHashMap$LinkedEntrySet	<java.util.AbstractSet: int hashCode()>/java.lang.Object.hashCode/0	<java.util.AbstractSet: int hashCode()>/l3#_124
java.util.Arrays$ArrayList	<java.util.AbstractList: boolean equals(java.lang.Object)>/java.lang.Object.equals/0	<java.util.AbstractList: boolean equals(java.lang.Object)>/l4#_521
java.util.Arrays$ArrayList	<java.util.AbstractList: int hashCode()>/java.lang.Object.hashCode/0	<java.util.AbstractList: int hashCode()>/l3#_542
java.util.Hashtable$EntrySet	<java.util.AbstractSet: int hashCode()>/java.lang.Object.hashCode/0	<java.util.AbstractSet: int hashCode()>/l3#_124
java.util.Collections$SetFromMap	<java.util.AbstractSet: int hashCode()>/java.lang.Object.hashCode/0	<java.util.AbstractSet: int hashCode()>/l3#_124
java.util.IdentityHashMap	<java.util.AbstractMap: boolean equals(java.lang.Object)>/java.lang.Object.equals/0	<java.util.AbstractMap: boolean equals(java.lang.Object)>/l6#_490
java.util.HashMap$EntrySet	<java.util.AbstractSet: int hashCode()>/java.lang.Object.hashCode/0	<java.util.AbstractSet: int hashCode()>/l3#_124
sun.util.PreHashedMap	<java.util.AbstractMap: boolean equals(java.lang.Object)>/java.lang.Object.equals/0	<java.util.AbstractMap: boolean equals(java.lang.Object)>/l6#_490
java.util.ArrayList	<java.util.AbstractList: boolean equals(java.lang.Object)>/java.lang.Object.equals/0	<java.util.AbstractList: boolean equals(java.lang.Object)>/l4#_521
java.util.ArrayList	<java.util.AbstractList: int hashCode()>/java.lang.Object.hashCode/0	<java.util.AbstractList: int hashCode()>/l3#_542
java.util.regex.Pattern$Branch	<java.util.regex.Pattern$Branch: boolean match(java.util.regex.Matcher,int,java.lang.CharSequence)>/java.util.regex.Pattern$Node.match/0	<java.util.regex.Pattern$Branch: boolean match(java.util.regex.Matcher,int,java.lang.CharSequence)>/$r5
java.util.regex.Pattern$Branch	<java.util.regex.Pattern$Branch: boolean match(java.util.regex.Matcher,int,java.lang.CharSequence)>/java.util.regex.Pattern$Node.match/1	<java.util.regex.Pattern$Branch: boolean match(java.util.regex.Matcher,int,java.lang.CharSequence)>/$r3
java.util.regex.Pattern$Branch	<java.util.regex.Pattern$Branch: boolean study(java.util.regex.Pattern$TreeInfo)>/java.util.regex.Pattern$Node.study/0	<java.util.regex.Pattern$Branch: boolean study(java.util.regex.Pattern$TreeInfo)>/$r5
java.util.regex.Pattern$Branch	<java.util.regex.Pattern$Branch: boolean study(java.util.regex.Pattern$TreeInfo)>/java.util.regex.Pattern$Node.study/1	<java.util.regex.Pattern$Branch: boolean study(java.util.regex.Pattern$TreeInfo)>/$r1
java.util.AbstractMap	<java.util.AbstractMap: boolean equals(java.lang.Object)>/java.lang.Object.equals/0	<java.util.AbstractMap: boolean equals(java.lang.Object)>/l6#_490
java.util.AbstractMap	<java.util.concurrent.ConcurrentHashMap: int hashCode()>/java.lang.Object.hashCode/0	<java.util.concurrent.ConcurrentHashMap: int hashCode()>/$r3
java.util.AbstractMap	<java.util.concurrent.ConcurrentHashMap: int hashCode()>/java.lang.Object.hashCode/1	<java.util.concurrent.ConcurrentHashMap: int hashCode()>/$r4
java.util.AbstractMap	<java.util.concurrent.ConcurrentHashMap: boolean equals(java.lang.Object)>/java.lang.Object.equals/0	<java.util.concurrent.ConcurrentHashMap: boolean equals(java.lang.Object)>/l8_$$A_1#_1350
java.util.AbstractMap	<java.util.concurrent.ConcurrentHashMap: boolean equals(java.lang.Object)>/java.lang.Object.equals/1	<java.util.concurrent.ConcurrentHashMap: boolean equals(java.lang.Object)>/l9#_1357
java.util.concurrent.ConcurrentHashMap$ForwardingNode	<java.util.concurrent.ConcurrentHashMap$ForwardingNode: java.util.concurrent.ConcurrentHashMap$Node find(int,java.lang.Object)>/java.util.concurrent.ConcurrentHashMap$Node.find/0	<java.util.concurrent.ConcurrentHashMap$ForwardingNode: java.util.concurrent.ConcurrentHashMap$Node find(int,java.lang.Object)>/l4_$$A_2#_2177
java.security.Provider	<java.util.Hashtable: java.lang.String toString()>/java.lang.Object.toString/0	<java.util.Hashtable: java.lang.String toString()>/l6#_584
java.security.Provider	<java.util.Hashtable: java.lang.String toString()>/java.lang.Object.toString/1	<java.util.Hashtable: java.lang.String toString()>/l7#_585
java.security.Provider	<java.util.Hashtable: boolean equals(java.lang.Object)>/java.lang.Object.equals/0	<java.util.Hashtable: boolean equals(java.lang.Object)>/l6#_808
java.util.HashSet	<java.util.AbstractSet: int hashCode()>/java.lang.Object.hashCode/0	<java.util.AbstractSet: int hashCode()>/l3#_124
java.util.HashMap$KeySet	<java.util.AbstractSet: int hashCode()>/java.lang.Object.hashCode/0	<java.util.AbstractSet: int hashCode()>/l3#_124
java.util.concurrent.ConcurrentHashMap	<java.util.AbstractMap: boolean equals(java.lang.Object)>/java.lang.Object.equals/0	<java.util.AbstractMap: boolean equals(java.lang.Object)>/l6#_490
java.util.concurrent.ConcurrentHashMap	<java.util.concurrent.ConcurrentHashMap: int hashCode()>/java.lang.Object.hashCode/0	<java.util.concurrent.ConcurrentHashMap: int hashCode()>/$r3
java.util.concurrent.ConcurrentHashMap	<java.util.concurrent.ConcurrentHashMap: int hashCode()>/java.lang.Object.hashCode/1	<java.util.concurrent.ConcurrentHashMap: int hashCode()>/$r4
java.util.concurrent.ConcurrentHashMap	<java.util.concurrent.ConcurrentHashMap: boolean equals(java.lang.Object)>/java.lang.Object.equals/0	<java.util.concurrent.ConcurrentHashMap: boolean equals(java.lang.Object)>/l8_$$A_1#_1350
java.util.concurrent.ConcurrentHashMap	<java.util.concurrent.ConcurrentHashMap: boolean equals(java.lang.Object)>/java.lang.Object.equals/1	<java.util.concurrent.ConcurrentHashMap: boolean equals(java.lang.Object)>/l9#_1357
java.util.LinkedHashMap$LinkedKeySet	<java.util.AbstractSet: int hashCode()>/java.lang.Object.hashCode/0	<java.util.AbstractSet: int hashCode()>/l3#_124
java.util.WeakHashMap$EntrySet	<java.util.AbstractSet: int hashCode()>/java.lang.Object.hashCode/0	<java.util.AbstractSet: int hashCode()>/l3#_124
java.util.Hashtable$KeySet	<java.util.AbstractSet: int hashCode()>/java.lang.Object.hashCode/0	<java.util.AbstractSet: int hashCode()>/l3#_124
sun.misc.URLClassPath$JarLoader	<sun.misc.URLClassPath$JarLoader: sun.misc.Resource getResource(java.lang.String,boolean,java.util.Set)>/sun.misc.URLClassPath$JarLoader.getResource/0	<sun.misc.URLClassPath$JarLoader: sun.misc.Resource getResource(java.lang.String,boolean,java.util.Set)>/l10_$$A_4#_1111
java.util.HashMap	<java.util.AbstractMap: boolean equals(java.lang.Object)>/java.lang.Object.equals/0	<java.util.AbstractMap: boolean equals(java.lang.Object)>/l6#_490
java.util.TreeMap	<java.util.AbstractMap: boolean equals(java.lang.Object)>/java.lang.Object.equals/0	<java.util.AbstractMap: boolean equals(java.lang.Object)>/l6#_490
java.util.EnumMap	<java.util.AbstractMap: boolean equals(java.lang.Object)>/java.lang.Object.equals/0	<java.util.AbstractMap: boolean equals(java.lang.Object)>/l6#_490
java.util.Properties	<java.util.Hashtable: java.lang.String toString()>/java.lang.Object.toString/0	<java.util.Hashtable: java.lang.String toString()>/l6#_584
java.util.Properties	<java.util.Hashtable: java.lang.String toString()>/java.lang.Object.toString/1	<java.util.Hashtable: java.lang.String toString()>/l7#_585
java.util.Properties	<java.util.Hashtable: boolean equals(java.lang.Object)>/java.lang.Object.equals/0	<java.util.Hashtable: boolean equals(java.lang.Object)>/l6#_808
java.util.TreeMap$KeySet	<java.util.AbstractSet: int hashCode()>/java.lang.Object.hashCode/0	<java.util.AbstractSet: int hashCode()>/l3#_124
java.util.ArrayList$SubList	<java.util.AbstractList: boolean equals(java.lang.Object)>/java.lang.Object.equals/0	<java.util.AbstractList: boolean equals(java.lang.Object)>/l4#_521
java.util.ArrayList$SubList	<java.util.AbstractList: int hashCode()>/java.lang.Object.hashCode/0	<java.util.AbstractList: int hashCode()>/l3#_542
java.util.Collections$SingletonMap	<java.util.AbstractMap: boolean equals(java.lang.Object)>/java.lang.Object.equals/0	<java.util.AbstractMap: boolean equals(java.lang.Object)>/l6#_490
sun.security.jca.ProviderList$ServiceList	<java.util.AbstractList: boolean equals(java.lang.Object)>/java.lang.Object.equals/0	<java.util.AbstractList: boolean equals(java.lang.Object)>/l4#_521
sun.security.jca.ProviderList$ServiceList	<java.util.AbstractList: int hashCode()>/java.lang.Object.hashCode/0	<java.util.AbstractList: int hashCode()>/l3#_542
java.lang.ClassValue$ClassValueMap	<java.util.AbstractMap: boolean equals(java.lang.Object)>/java.lang.Object.equals/0	<java.util.AbstractMap: boolean equals(java.lang.Object)>/l6#_490
java.util.TreeSet	<java.util.AbstractSet: int hashCode()>/java.lang.Object.hashCode/0	<java.util.AbstractSet: int hashCode()>/l3#_124
javax.security.auth.Subject$SecureSet	<java.util.AbstractSet: int hashCode()>/java.lang.Object.hashCode/0	<java.util.AbstractSet: int hashCode()>/l3#_124
java.util.WeakHashMap	<java.util.AbstractMap: boolean equals(java.lang.Object)>/java.lang.Object.equals/0	<java.util.AbstractMap: boolean equals(java.lang.Object)>/l6#_490
java.util.TreeMap$EntrySet	<java.util.AbstractSet: int hashCode()>/java.lang.Object.hashCode/0	<java.util.AbstractSet: int hashCode()>/l3#_124
